{
  "repo": 12.272000074386597, 
  "platform/external/netperf": 9.0125055313110352
}